ID,smiles
103626969,CC1=NC2=C(C=C1)C(=CC=C2)N3CCN(CC3)CCC4=CC5=C(C=C4)OCC(=O)N5
377003148,C1CN(CCN1)C2=C(C=C(C=C2)NC3=NC=C4C(=N3)C=CN(C4=O)C5=C(C=CC=C5Cl)Cl)CO
377003149,C1COCCN1C2=CC=C(C=C2)NC3=NC=C4C(=N3)C=CN(C4=O)C5=C(C=CC=C5Cl)Cl
377003131,CC1=CN(C(=O)C2=CN=C(N=C12)NC3=CC=C(C=C3)N4CCNCC4)C5=C(C=CC=C5Cl)Cl
377003143,COC1=C(C=CC(=C1)NC2=NC=C3C(=N2)C=CN(C3=O)C4=C(C=CC=C4Cl)Cl)N5CCNCC5
377003150,CNCC1=C(C=CC(=C1)NC2=NC=C3C(=N2)C=CN(C3=O)C4=C(C=CC=C4Cl)Cl)N5CCOCC5
377003146,CNCCOC1=CC=C(C=C1)NC2=NC=C3C(=N2)C=CN(C3=O)C4=C(C=CC=C4Cl)Cl
336951486,COCCN1CCC(CC1)CNC(=O)C2=NNC3=C2C=C(C=C3)C4=C(C(=CC=C4)F)F
377003140,CN1CCC(CC1)C2=CC=C(C=C2)NC3=NC=C4C(=N3)C=CN(C4=O)C5=C(C=CC=C5Cl)Cl
377003141,CN(C)CCC1=CC=C(C=C1)NC2=NC=C3C(=N2)C=CN(C3=O)C4=C(C=CC=C4Cl)Cl
377003147,CC(C)N1CCN(CC1)C2=CC=C(C=C2)NC3=NC=C4C(=N3)C=CN(C4=O)C5=C(C=CC=C5Cl)Cl
377003136,CC1=C(C=CC(=C1)NC2=NC=C3C(=N2)C=CN(C3=O)C4=C(C=CC=C4Cl)Cl)N5CCNCC5
377003142,CN1CCN(CC1)C2=C(C=C(C=C2)NC3=NC=C4C(=N3)C=CN(C4=O)C5=C(C=CC=C5Cl)Cl)OC
377003145,CN1CCN(CC1)C2=CC=C(C=C2)NC3=NC=C4C(=N3)C=CN(C4=O)C5=C(C=CC=C5Cl)Cl
103175412,CCCCCCCN(CC)CCCC(C1=CC=C(C=C1)NS(=O)(=O)C)O
103228145,C1=CC=C(C=C1)COC2=CC=C(C=C2)CCNC3=CC=NC=C3
103496023,CC(C)N1CCN(CC1)C2=NC(=C3CNC(=O)N(C3=N2)C4=C(C=CC=C4Cl)Cl)C5=C(C=C(C=C5)Cl)Cl
170466521,CCCCCCCCNC(C)C(C1=CC=C(C=C1)SC(C)C)O
103189735,CN(C)CCC=C1C2=CC=CC=C2C=CC3=CC=CC=C31
50106928,CCCNCC(COC1=CC=CC=C1C(=O)CCC2=CC=CC=C2)O
103183978,CN1CC(CC2C1CC3=CN(C4=CC=CC2=C34)C)CNC(=O)OCC5=CC=CC=C5
103237480,CN(C)CCC=C1C2=CC=CC=C2SC3=C1C=C(C=C3)Cl
441292490,C1CN(CCN1)C2=CC3=CN=C(C=C3C=C2)C(=O)NC4=C(C=CC(=C4)C5=CC=CC=C5)N
482607570,CC(C)COC1=CC=C(C=C1)CNC(=O)N(CC2=NC=C(C=C2)F)C3CCN(CC3)C
103463555,CC1=CC(=C(C=C1)O)C(CCN(C(C)C)C(C)C)C2=CC=CC=C2
103688430,C1C[N+]2(CCC1C(C2)OC(=O)C(C3=CC=CS3)(C4=CC=CS4)O)CCCOC5=CC=CC=C5
103193760,CN(C)CCCNC1=C2C(=NC3=CC=CC=C31)C=CC=C2[N+](=O)[O-]
485658872,CC(C)COC1=CN=C(C=C1)CNC(=O)N(CC2=CC=C(C=C2)F)C3CCN(CC3)C
144209825,CCCCCCCCCCN1C=C[N+](=C1C)CCCCCCCCCC
485658901,CCN1CCC(CC1)N(CC2=NC=C(C=C2)F)C(=O)NCC3=CC=C(C=C3)OCC(F)(F)F
482607581,CN1CCC(CC1)N(CC2=NC=C(C=C2)F)C(=O)NCC3=CC=C(C=C3)OCCCC(F)(F)F
103495627,CN(C)CCNC1=NC(=C2CNC(=O)N(C2=N1)C3=C(C=CC=C3Cl)Cl)C4=C(C=C(C=C4)Cl)Cl
482607593,CN1CCC(CC1)N(CC2=NC=C(C=C2)F)C(=O)NCC3=CC(=C(C=C3)OCC(F)(F)F)F
104234319,CN(C)CCN(CC1=CC=C(C=C1)Cl)C2=CC=CC=N2
482607590,CC(C)C1=CC2=C(O1)C=CC(=C2)CNC(=O)N(CC3=NC=C(C=C3)F)C4CCN(CC4)C
50106349,CNCCC(C1=CC=CC=C1)OC2=CC=C(C=C2)C(F)(F)F
249870692,CC(C)COC1=CC=C(C=C1)CNC(=O)N(CC2=CC=C(C=C2)F)C3CCN(CC3)C
482607571,CC(C)COC1=CC=C(C=C1)CNC(=O)N(CC2=NN=C(C=C2)F)C3CCN(CC3)C
103175813,CCN(CC)CCNC(=O)C1=C(NC(=C1C)C=C2C3=C(C=CC(=C3)F)NC2=O)C
170466107,CCCCCCOC(=O)NC(=N)C1=CC=C(C=C1)NCC2=NC3=C(N2C)C=CC(=C3)C(=O)N(CCC(=O)OCC)C4=CC=CC=N4
144210742,CCOP(=S)(C1=CC=CC=C1)OC2=CC=C(C=C2)[N+](=O)[O-]
103450925,CC(CC(C1=CC=CC=C1)C2=CC=CC=C2)NC(C)(C)C
194161866,C1CC[N+]2(C1)C3CCC2CC(C3)OC(=O)C(C4=CC=CC=C4)(C5=CC=CC=C5)O
103213435,CN(C)CC=C(C1=CC=C(C=C1)Br)C2=CN=CC=C2
482607592,CC1(C=CC2=C(O1)C=CC(=C2)CNC(=O)N(CC3=NC=C(C=C3)F)C4CCN(CC4)C)C
103190631,CCN(CC)CC1=C(C=CC(=C1)NC2=C3C=CC(=CC3=NC=C2)Cl)O
124971548,CN1CC(CC2(C1CC3=CN(C4=CC=CC2=C34)C)OC)COC(=O)C5=CC(=CN=C5)Br
485658899,CN1CCC(CC1)N(CC2=CC=C(C=C2)F)C(=O)NCC3=CC=C(C=C3)OCC(F)(F)F
485658908,CC(C)(C)OC1=CC=C(C=C1)CNC(=O)N(CC2=C(C=C(C=N2)F)F)C3CCN(CC3)C
485658873,CC(C)COC1=NC=C(C=C1)CNC(=O)N(CC2=CC=C(C=C2)F)C3CCN(CC3)C
124955689,CCC(=O)C1=CC2=C(C=C1)SC3=CC=CC=C3N2CC(C)N(C)C
482607578,CN1CCC(CC1)N(CC2=NC=C(C=C2)F)C(=O)NCC3=CC=C(C=C3)OCCC(F)(F)F
170465335,CCCCCCCCCCCCCCCC[N+](C)(C)CCN(CC1=CC=C(C=C1)OC)C2=NC=CC=N2
103165858,CCN(CC)CCCC(C)NC1=C2C=C(C=CC2=NC3=C1C=CC(=C3)Cl)OC
144204758,C1CN=C(N1)NC2=C(C=C(C=C2Cl)N)Cl
144206432,CCC(=O)N(C1=CC=CC=C1)C2(CCN(CC2)CCC3=CC=CS3)COC
482607589,CC(C)C1CC2=C(O1)C=CC(=C2)CNC(=O)N(CC3=NC=C(C=C3)F)C4CCN(CC4)C
482607575,CN1CCC(CC1)N(CC2=NC=C(C=C2)F)C(=O)NCC3=CC=C(C=C3)OCC(F)(F)F
485658871,CC(C)(C)OC1=CC=C(C=C1)CNC(=O)N(CC2=NC=C(C=C2)F)C3CCN(CC3)C
442142302,CC(C)OC1=CN=CC(=C1)C2=CC3=C(C=C2)NN=C3C(=O)NCC4CCOCC4
103188221,CCC1=NN(C(=O)N1CCOC2=CC=CC=C2)CCCN3CCN(CC3)C4=CC(=CC=C4)Cl
104234352,CN(C)CCC(C1=CC=C(C=C1)Cl)C2=CC=CC=N2
144206270,CC(CN1C2=CC=CC=C2SC3=C1N=CC=C3)N(C)C
485658874,CC(C)OCC1=CC=C(C=C1)CNC(=O)N(CC2=CC=C(C=C2)F)C3CCN(CC3)C
103506559,C1CN(CCC1CNC2=CC=NC=C2)C(=O)OCC3=CC=CC=C3
103166066,COC1=C(C=CC(=C1)NS(=O)(=O)C)NC2=C3C=CC=CC3=NC4=CC=CC=C42
174510288,CC[N+]1(CCCC(C1)OC(=O)C(C2=CC=CC=C2)(C3=CC=CC=C3)O)C
113635257,CCOC1=CC=CC(=C1)NC(=O)C2=CC(=CC=C2)NC(=O)C3CCCC3
104239200,CCN(CC)CCCN(C1CC2=CC=CC=C2C1)C3=CC=CC=C3
144205438,CN1CCC(CC1)OC(=O)C(OC2=CC=C(C=C2)Cl)OC3=CC=C(C=C3)Cl
103189728,CNCCCC1C2=CC=CC=C2C=CC3=CC=CC=C13
485658877,CC(C)C(CC1=CC=C(C=C1)CNC(=O)N(CC2=CC=C(C=C2)F)C3CCN(CC3)C)O
170466126,CCCCCCCCCCCC[N+](C)(C)CC1=CC=CC=C1
103506572,C1CN(CCC1CNC2=NC=CS2)C(=O)OCC3=CC=CC=C3
144206398,CCC(=O)N(C1CCN(CC1C)CCC2=CC=CS2)C3=CC=CC=C3
144207793,CCCCCCCCCCCCN1C=C[N+](=C1)C
170466548,CCCCCCC[N+](CC)(CC)CCCCC1=CC=C(C=C1)Cl
144206383,CCN(CC)CCN1C2=C(C=C(C=C2)[N+](=O)[O-])N=C1CC3=CC=C(C=C3)OCC
103188393,CCCCCCOC1=NSN=C1C2=CCCN(C2)C
103555995,CC(C1=CC=CC=C1)NCCC(C2=CC=CC=C2)C3=CC=CC=C3
485658868,CC(C)COC1=CC=C(C=C1)CNC(=O)N(CC2=NC=C(C=N2)F)C3CCN(CC3)C
103188114,C[N+]12CCC(CC1)C(C2)OC(=O)C(C3=CC=CC=C3)(C4=CC=CC=C4)O
103188497,CCN(CC)CCNC1=C2C(=C(C=C1)C)SC3=CC=CC=C3C2=O
103269361,CCCCCCCCCCCCCCCC[N+]1=CC=CC=C1
103224683,CN(C)CCOC(C1=CC=C(C=C1)Cl)C2=CC=CC=N2
318385065,CC1=CN(C=N1)C2=C(C=C(C=C2)C3=CN(N=N3)C4CCC5=C(C=CC=C5F)N(C4=O)CC(F)(F)F)OCC(F)(F)F
144206140,C1CN(CCN1CCCN2C3=CC=CC4=C3C(=CC=C4)S2(=O)=O)C5=CC=C(C=C5)F
482607582,CC(C)(COC1=CC=C(C=C1)CNC(=O)N(CC2=NC=C(C=C2)F)C3CCN(CC3)C)F
103391142,C1=CC=C(C(=C1)C(=O)OCC(CO)O)NC2=C3C=CC(=CC3=NC=C2)Cl
50106946,CN(C)C1=CC=CC2=C1C=CC=C2S(=O)(=O)NCCCCN3CCN(CC3)C4=CC=CC=C4OC
50106405,C1=CC(=C(C(=C1)Cl)C=NN=C(N)N)Cl
482607579,CN1CCC(CC1)N(CC2=NC=C(C=C2)F)C(=O)NCC3=CC=C(C=C3)OCCCCF
482607591,CC1(CCC2=C(O1)C=CC(=C2)CNC(=O)N(CC3=NC=C(C=C3)F)C4CCN(CC4)C)C
160677213,CN(C)CCC=C1C2=CC=CC=C2CSC3=CC=CC=C31
103558387,CN(C)CCCC1(C2=C(CO1)C=C(C=C2)C#N)C3=CC=C(C=C3)F
170465609,CN1C=C(C2=CC=CC=C21)C3=C(C(=O)NC3=O)C4=CN(C5=CC=CC=C54)C6CCN(CC6)CC7=CC=CC=N7
103462873,CCC(COC(=O)C1=CC(=C(C(=C1)OC)OC)OC)(C2=CC=CC=C2)N(C)C
242098792,CCCCCCCCCCCC[N+](C)(C)CCOC1=CC=CC=C1
144213691,CCN(CC)C(=O)C1=CC(=C(C=C1N(CC)CCN(C)C)N2CCC(CC2)C3=CC=CC=C3)S(=O)(=O)CC4=CC=CC=C4
104239521,CCC(=O)OC(CC1=CC=CC=C1)(C2=CC=CC=C2)C(C)CN(C)C
482607574,CN1CCC(CC1)N(CC2=NC=C(C=C2)F)C(=O)NCC3=CC=C(C=C3)OCC(F)F
144207788,CCCCCCCCCCN1C=C[N+](=C1)C
103594362,CN1CCOC(C2=CC=CC=C2C1)C3=CC=CC=C3
160681707,CC1=C(C(C(=C(N1)C)C(=O)OC2CCN(C2)CC3=CC=CC=C3)C4=CC(=CC=C4)[N+](=O)[O-])C(=O)OC
485658880,CC1(CC2=C(O1)C=CC(=C2)CNC(=O)N(CC3=CC=C(C=C3)F)C4CCN(CC4)C)C
482077978,C1=CC=C(C(=C1)NC2=CC(=NC3=C2C=C(C=C3)Cl)C(=O)NCC(CO)F)F
103213015,CNC1CCC(C2=CC=CC=C12)C3=CC(=C(C=C3)Cl)Cl
50106187,C1=CC(=C(C=C1CN=C(N)NC(=O)C2=C(N=C(C(=N2)Cl)N)N)Cl)Cl
163333069,CC1=C(C(C(=C(N1)C)C(=O)OC2CCCN(C2)CC3=CC=CC=C3)C4=CC(=CC=C4)[N+](=O)[O-])C(=O)OC
485658910,CN1CCC(CC1)N(CC2=NC=C(C=C2)F)C(=O)NCC3=CC4=C(C=C3)OC(C4)C(F)(F)F
471695814,CCN(CCN1CCC(CC1)C2=NOC3=C2C=CC(=C3)F)C(=O)C4CCCCC4O
318386446,CC1=CN(C=N1)C2=CC(=C(C=C2)C3=CN(N=N3)C4CCC5=C(C=CC=C5F)N(C4=O)CC(F)(F)F)OC
103195284,CN(C)CCOC1=CC2=CC=CC=C2SC3=C1C=C(C=C3)Cl
170466640,CCN(CC)CCOC1=CC=C(C=C1)C(CC2=CC=C(C=C2)Cl)(C3=CC=C(C=C3)C)O
50106212,CCN(CC)CCOC(=O)C1(CCCCC1)C2CCCCC2
144203930,CCOC(=O)OC1=C(C=C(C=C1OC)C(=O)OC2CC3CN4CCC5=C(C4CC3C(C2OC)C(=O)OC)NC6=C5C=CC(=C6)OC)OC
50106948,CCCCN1CCC(CC1)COC(=O)C2=CC(=C(C3=C2OCCO3)N)Cl
144206260,CCCCCCOC1=CC=C(C2=CC=CC=C21)C(=N)N(CCCC)CCCC
103563888,CC1=C(C=C(C=C1)C(=O)NC2=CC(=CC(=C2)C(F)(F)F)N3C=C(N=C3)C)NC4=NC=CC(=N4)C5=CN=CC=C5
103506561,C1CN(CCC1CNC2=CN=CC=C2)C(=O)OCC3=CC=CC=C3
103495991,CN(C)CCN1CCN(CC1)C2=NC(=C3CNC(=O)N(C3=N2)C4=C(C=CC=C4Cl)Cl)C5=C(C=C(C=C5)Cl)Cl
494410542,C[N+]1(C2CCC1CC(C2)OC(=O)C(C3=CC=CC=C3)(C4=CC=CC=C4)O)CCF
485658887,CCN1CCC(CC1)N(CC2=NC=C(C=C2)F)C(=O)NCC3=CC4=C(C=C3)OC(C4)(C)C
194147897,CN1CCCCC1CCC2=CC=CC=C2NC(=O)C3=CC=C(C=C3)OC
346542526,CC1=CC2=C(C(=C1)Cl)C(=CN2)C(=O)OCC34CCN(CC3)CC4
485658888,CCOC1=CC=C(C=C1)CNC(=O)N(CC2=NC=C(C=C2)F)C3CCN(CC3)C
144204932,CCN(CC)CCOC(=O)C(C1=CC=CC=C1)C2=CC=CC=C2
103216428,CC(=O)C1=CC2=C(C=C1)SC3=CC=CC=C3N2CCCN(C)C
406792849,C1CN(CCN1)C2=CN=C(C=C2)C(=O)NC3=C(C=CC(=C3)C4=CC=C(C=C4)F)N
441576241,C1CC(CCC1C(=O)NCCN2CCC(CC2)C3=NC(=CC=C3)C(F)(F)F)(F)F
482081175,C1=CC=C(C(=C1)NC2=CC(=NC3=C2C=C(C=C3)Br)C(=O)NCC(CO)F)F
485658896,CC1(CC2=C(O1)C=CC(=C2)CNC(=O)N(CC3=C(C=C(C=N3)F)F)C4CCN(CC4)C)C
103165766,CNCCC=C1C2=CC=CC=C2CCC3=CC=CC=C31
103458417,COC1=CC(=C(C(=C1)OC)C(=O)CCCN2CCCC2)OC
104239725,CC(C)N=C(N)N=C(N)NC1=CC(=C(C=C1)Cl)Cl
144205399,CCN(CC)CCOC1=CC=CC=C1C(=O)CCC2=CC=CC=C2
103387517,CCCCC(CC)CN1CC(CN(C1)CC(CC)CCCC)(C)N
123085230,CN(C)CCN(CC1=CC=CS1)C2=CC=CC=N2
103212333,C1=CC(=CC=C1COC(CN2C=CN=C2)C3=C(C=C(C=C3)Cl)Cl)Cl
144207617,CCCCCCCCCCCCCCCCCC[N+](C)(C)CC1=CC=CC=C1
374264033,C1=CC(=CN=C1)C2=CC(=CN=C2)C(=O)NC3=CC=C(C=C3)OC(F)(F)F
103378362,CN(C)CCN(CC1=CC=CC=C1)C2=CC=CC=N2
50105910,CN(C)CCC=C1C2=C(C=C(C=C2)Cl)SC3=CC=CC=C31
50106471,CC(C)C1=CC(=CC2=C1CC(CC2)(CCN(C)CCCC3=NC4=CC=CC=C4N3)OC(=O)C5CC5)F
50105873,C1=CC2=C(C=CN=C2)C(=C1)S(=O)(=O)NCCNCC=CC3=CC=C(C=C3)Br
50107086,C1CNCC(C2=CC(=C(C(=C21)Cl)O)O)C3=CC=CC=C3
103506560,C1CN(CCC1CNC2=CC=CC=N2)C(=O)OCC3=CC=CC=C3
484206279,CC1=CC=C(C=C1)COC(=O)N2CCC(C(C2)(F)F)CNC3=CC=NC=C3
103481089,C1=CN=CN=C1NC2=NC=C(S2)C#N
485227803,CC1=C(C=CC(=C1)F)OC2=C(C=C(C=C2)C(F)(F)F)C(=O)NC3=CC(=C(C=C3)F)C(CCO)N
103495600,COCCNC1=NC(=C2CNC(=O)N(C2=N1)C3=C(C=CC=C3Cl)Cl)C4=C(C=C(C=C4)Cl)Cl
144205228,CCN(CC)CCSC(=O)C(C1=CC=CC=C1)C2=CC=CC=C2
144210563,CCOC(=O)C1(C(C2=CC=CC=C2O1)N)C3=CC=CC=C3
103171942,C1=CC(=C(C=C1Cl)Cl)COC(CN2C=CN=C2)C3=C(C=C(C=C3)Cl)Cl
144206285,CCCCCCCCCCCC[N+]1=CC2=CC=CC=C2C=C1
103743731,CCCOC(C1=CC=CC=C1)(C2=CC=CC=C2)C(=O)OC3CCN(CC3)C
485227801,CC1=C(C=CC(=C1)F)OC2=C(C=C(C=C2)C(F)(F)F)C(=O)NC3=CC(=C(C=C3)F)C(CC(=O)N)N
103188158,C1CN(CCN1CCCN2C(=O)N3C=CC=CC3=N2)C4=CC(=CC=C4)Cl
123092153,CN(C)CCC(C1=CC=C(C=C1)Br)C2=CC=CC=N2
144206265,CN(C)CCC(C1=CC=CC=C1)(C2=CC=CC=C2Cl)O
103649165,CS(=O)(=O)N1CCC2(C1)CCN(CC2)C3=NC=C(C=C3)C(=O)NC4=C(C=CC(=C4)C5=CC=CS5)N
485658902,CC1(CC2=C(O1)C(=CC(=C2)CNC(=O)N(CC3=NC=C(C=C3)F)C4CCN(CC4)C)Cl)C
103649166,C1CN(CCC12CCN(C2)C3=NC=CC=N3)C4=NC=C(C=C4)C(=O)NC5=C(C=CC(=C5)C6=CC=CS6)N
170465292,CN(C)CCOC(C1=CC=CC=C1)C2=CC=C(C=C2)Br
170465455,CC1=C(C2=CC=CC=C2C(=C1)O)O
103189006,CC1=CC=CC=C1OC(CCNC)C2=CC=CC=C2
474499187,C1CC2C(CC1C3=CN=CC(=C3)CN4CCOCC4)C(NN2)C(=O)NCC5CCOCC5
441576262,C1CC(CCC1C(=O)NCCN2CCC(=CC2)C3=NC(=CC=C3)C(F)(F)F)(F)F
103179080,CN(C)CCCN1C2=CC=CC=C2SC3=C1C=C(C=C3)C(F)(F)F
103187553,CCN1CCCC1CNC(=O)C2=C(C=CC(=C2)S(=O)(=O)CC)OC
50106934,C1CCN(C1)C(=S)[S-]
50104019,CN(C)CCOC1=CC=CC=C1CC2=CC=CC=C2
26751816,CN1C2CCC1CC(C2)OC(=O)C3=CC(=CC(=C3)Cl)Cl
406792850,C1CN(CCN1)C2=CN=C(S2)C(=O)NC3=C(C=CC(=C3)C4=CC=CS4)N
482607588,CC1(CC2=C(O1)C=CC(=C2)CNC(=O)N(CC3=NC=C(C=C3)F)C4CCN(CC4)C)C
312364029,CC1CC(=O)N(C2=NC(=NN12)NC3=CC(=C(C=C3)N4C=C(N=C4)C)OC)CC5=CC=CC=C5
103556001,CN1CCCN=C1COC(=O)C(C2CCCCC2)(C3=CC=CC=C3)O
170466423,CCCCCCCCCCCCCC[N+](C)(C)CC1=CC=CC=C1
485227804,CC1=C(C=CC(=C1)F)OC2=C(C=C(C(=C2)C3CC3)C(F)(F)F)C(=O)NC4=CC(=NC=C4)OCC(CO)O
471695855,CCN(CCN1CCC(CC1)C2=NOC3=C2C=CC(=C3)F)C(=O)C4CN(CC4O)C
103495956,CN(C)CCN1CCN(CC1)C2=NC(=C3CNC(=O)N(C3=N2)C4=C(C=CC=C4Cl)Cl)C5=CC=CC=C5Cl
144209856,CCCCCCCCCCCCCCN1C=C[N+](=C1)C
144204469,CC1=CC(=CC(=C1)C(=O)OC2CC3CCC(C2)N3C)C
144206192,C1CN2CCC1C(C2)OC(=O)N3CCC4=CC=CC=C4C3C5=CC=CC=C5
482607584,CC(C)OCC1=CC=C(C=C1)CNC(=O)N(CC2=NC=C(C=C2)F)C3CCN(CC3)C
124972228,CN(C)CCC=C1C2=CC=CC=C2COC3=CC=CC=C31
442142292,C1COCCC1CNC(=O)C2=NNC3=C2C=C(C=C3)C4=C(C(=CC=C4)F)F
441576253,CC1=NC(=CC=C1)C2CCN(CC2)CCNC(=O)C3CCC(CC3)(F)F
103328173,CC1(C2=CC=CC=C2C(=CCCN(C)C)C3=CC=CC=C31)C
103301275,CCCCOC1=NC2=CC=CC=C2C(=C1)C(=O)NCCN(CC)CC
312696773,C1CN(CCN1)C2=CC3=CN=C(C=C3C=C2)C(=O)NC4=CC=CC=C4N
485227810,CC1=C(C=CC(=C1)F)OC2=C(C=C(C(=C2)C3CC3)C(F)(F)F)C(=O)NC4=CC(=C(C=C4)F)OCC(CNC(=O)CO)O
103506570,C1CN(CCC1CNC2=NC=CN=C2)C(=O)OCC3=CC=CC=C3
103506473,CC(C)(C)C1=CC=C(C=C1)COC(=O)N2CCC(CC2)CNC3=NC=CC=N3
136943874,CC1=NC2=NC(=NN2C(=C1)NC3=CC=C(C=C3)S(F)(F)(F)(F)F)C(C)(F)F
442142294,C1COCC1CNC(=O)C2=NNC3=C2C=C(C=C3)C4=C(C(=CC=C4)F)F
144211346,CCCCOC(=O)C(C)OC1=CC=C(C=C1)OC2=C(C=C(C=C2)C#N)F
170465900,CNCCCCOC1=CC=CC=C1CC2=CC=CC=C2
312364074,CC1CC(=O)N(C2=NC(=NN12)NC3=CC(=C(C=C3)N4C=C(N=C4)C)OC)CC5CC(C5)(F)F
50111208,CCC(=O)C1=CC2=C(C=C1)SC3=CC=CC=C3N2CCCN(C)C
50105732,C1=CC2=C(C=CC=C2Cl)C(=C1)S(=O)(=O)NCCCCN
26751989,CC(C)NCC(C1=CC=C(C=C1)NS(=O)(=O)C)O
144204104,CCCCOC1=C(C=CC(=C1)C(=O)OCCN(CC)CC)N
312348171,CCN(CC)CC(=O)NC1=CC=C(C=C1)NC(=O)NC2=CC=C(C=C2)N(CCCl)CCCl
103216922,CC(CN1C2=CC=CC=C2SC3=CC=CC=C31)CN(C)C
103495958,CC1(CC(CC(N1)(C)C)NC2=NC(=C3CNC(=O)N(C3=N2)C4=C(C=CC=C4Cl)Cl)C5=CC=CC=C5Cl)C
103495759,CC(C)NC1=NC(=C2CNC(=O)N(C2=N1)C3=C(C=CC=C3Cl)Cl)C4=CC=CC=C4Cl
170465576,CN(C)CCCOC1=NN(C2=CC=CC=C21)CC3=CC=CC=C3
103495599,C1C2=C(NC(=O)N=C2N(C(=O)N1)C3=C(C=CC=C3Cl)Cl)C4=CC=CC=C4Cl
103555953,CCN(CC)CCOC(=O)C(C1CCCCC1)C2=CC=CC=C2
103178786,CN1CC(C2=C(C1)C(=CC=C2)N)C3=CC=CC=C3
123096751,CC1CCN(CC1)CCCC(=O)C2=CC=C(C=C2)F
170465516,CCCCC1=CC2=CC=CC=C2C(=N1)OCCN(C)C
170465927,CCN1CCCC(C1)OC(=O)C(C2=CC=CC=C2)C3=CC=CC=C3
103479986,CC(=O)C1=C(C2=C(C(=C1O)OC)OC=C2)OCC3=CC=C(C=C3)Cl
103244999,C1=CC(=CC2=NC3=C(C=CC(=C3)N)C=C21)N
103506481,C#CC1=CC=C(C=C1)COC(=O)N2CCC(CC2)CNC3=NC=CC=N3
103496074,C1COCCN1C2=NC(=C3CNC(=O)N(C3=N2)C4=C(C=CC=C4Cl)Cl)C5=CC=CC=C5Cl
103649164,CCNC(=O)N1CCC2(C1)CCN(CC2)C3=NC=C(C=C3)C(=O)NC4=C(C=CC(=C4)C5=CC=CS5)N
103496075,CC1CN(CC(O1)C)C2=NC(=C3CNC(=O)N(C3=N2)C4=C(C=CC=C4Cl)Cl)C5=C(C=C(C=C5)Cl)Cl
50106185,CC(C)N(CCC(C1=CC=CC=C1)(C2=CC=CC=N2)C(=O)N)C(C)C
441292487,C1CN(CCN1)C2=NC=C(C=C2)C(=O)NC3=C(C=CC(=C3)C4=CC=CC=C4)N
50105550,COC1C(CC2CN3CCC4=C(C3CC2C1C(=O)OC)NC5=C4C=CC(=C5)OC)OC(=O)C6=CC(=C(C(=C6)OC)OC)OC
441292495,CN1CCN(CC1)C2=CC3=CN=C(C=C3C=C2)C(=O)NC4=C(C=CC(=C4)C5=CC=CO5)N
103270012,CC1=CC(=CC(=C1CC2=NCCN2)C)C(C)(C)C
103506465,CCC1=CC=C(C=C1)COC(=O)N2CCC(CC2)CNC3=NC=CC=N3
103358723,C1CCN(CC1)CC(COC(=O)NC2=CC=CC=C2)OC(=O)NC3=CC=CC=C3
474499172,CC(C)OC1=CN=CC(=C1)C2=CC3=C(C=C2)NN=C3C(=O)NCC4CCS(=O)(=O)C4
144204780,CCC1=CC(=C(C(=C1O)C(=O)NCC2CCCN2CC)OC)Cl
50106001,CN(C)CCCN1C2=CC=CC=C2SC3=C1C=C(C=C3)Cl
144211556,CCCCCCCCCCCCCC[N+]1=CC=CC=C1
103188772,CN(C)CCC=C1C2=CC=CC=C2CCC3=CC=CC=C31
471695805,CCN(CCN1CCC(CC1)C2=NOC3=C2C=CC(=C3)F)C(=O)C4(CC4)O
485658884,CN1CCC(CC1)N(CC2=NC=C(C=C2)F)C(=O)NCC3=CC=C(C=C3)OC(CF)CF
441576286,C1CN(CCC1C2=NC(=CC=C2)C(F)F)CCNC(=O)C3CCOCC3
144206400,CCC(=O)N(C1CCN(CC1)CCC2=CC=CS2)C3=CC=CC=C3
103183767,COC1=C(C=C(C=C1)CC2=NC=CC3=CC(=C(C=C32)OC)OC)OC
441576257,COCC1(CC1)C(=O)NCCN2CCC(CC2)C3=NC(=CC=C3)C(F)(F)F
336876684,C1C=NN(C1C(=O)NCC2=C(C=CC(=C2)Cl)N3C=NN=N3)C(=O)C(C4=CC=C(C=C4)F)OC(=O)C5=CC=CC=C5
312364043,CC1=CN(C=N1)C2=C(C=C(C=C2)NC3=NN4C(=N3)N(C(=O)CC4(C)C)CC5=CC=C(C=C5)F)OC
484206269,CC1=CC=C(C=C1)COC(=O)N2CCC(C(C2)(F)F)CNC3=CC=CC=N3
312364028,CC1CN2C(=NC(=N2)NC3=CC(=C(C=C3)N4C=C(N=C4)C)OC)N(C1=O)CC5=CC=CC=C5
50107202,CN1C2CCC1CC(C2)OC(=O)C3=CNC4=CC=CC=C43
50105952,C1=CC=C(C=C1)CN=C(N)NC(=O)C2=C(N=C(C(=N2)Cl)N)N
103582376,CCNC(=O)C=C(C)C=CC=C(C)C=CC1=C(C(=C(C=C1C)OC)C)C
471695826,CCN(CCN1CCC(CC1)C2=NOC3=C2C=CC(=C3)F)C(=O)C4CC(C4)O
312363995,CC1=CN(C=N1)C2=C(C=C(C=C2)NC3=NN4CCC(=O)N(C4=N3)CC5=CC=CC=C5)OC
144211684,CC1=CC(=O)C2=CC=CC=C2C1=O
103495928,C1CN2CCC1C(C2)NC3=NC(=C4CNC(=O)N(C4=N3)C5=C(C=CC=C5Cl)Cl)C6=CC=CC=C6Cl
103506472,CC(C)C1=CC=C(C=C1)COC(=O)N2CCC(CC2)CNC3=NC=CC=N3
441576259,CC(C)(C)C(=O)NCCN1CCC(CC1)C2=NC(=CC=C2)C(F)(F)F
103401138,C1=CC(=C(C(=C1)Cl)SC(CCC2=CC=C(C=C2)Cl)CN3C=CN=C3)Cl
485227809,CC1=C(C=CC(=C1)F)OC2=CC(=C(C=C2C(=O)NC3=CC(=C(C=C3)F)OCC(CN)O)Cl)C(F)(F)F
103495758,CN(C)C1=NC(=C2CNC(=O)N(C2=N1)C3=C(C=CC=C3Cl)Cl)C4=CC=CC=C4Cl
160687905,C1=CC(=C(C(=C1)Cl)COC(CN2C=CN=C2)C3=C(C=C(C=C3)Cl)Cl)Cl
103506586,C1CN(CCC1CNC2=NC=CC=N2)C(=O)OC3CC4=CC=CC=C4C3
144211671,C1=CC(=CC=C1[N+](=O)[O-])OC2=C(C=C(C=C2)C(F)(F)F)[N+](=O)[O-]
474499163,CC(C)OC1=CN=CC(=C1)C2=CC3=C(C=C2)NN=C3C(=O)NCC4CCOC4
471695790,CCN(CCN1CCC(CC1)C2=NOC3=C2C=CC(=C3)F)C(=O)C4CCC(CC4)O
103728954,CC(C)(CC1=CC=C(C=C1)OC)NCC(C2=C3C(=CC(=C2)O)NC(=O)CO3)O
50106754,CNCCC(C1=CC=CC=C1)OC2=CC=CC=C2OC
103495957,CC(C)N1CCC(CC1)NC2=NC(=C3CNC(=O)N(C3=N2)C4=C(C=CC=C4Cl)Cl)C5=CC=CC=C5Cl
103358193,CCCOC1=C(C=C(C=C1)C(=O)OCCN(CC)CC)N
103495721,CNC1=NC(=C2CNC(=O)N(C2=N1)C3=C(C=CC=C3Cl)Cl)C4=CC=CC=C4Cl
103649239,C1CN(CCC12CCN(C2)CCO)C3=NC=C(C=C3)C(=O)NC4=C(C=CC(=C4)C5=CC=CS5)N
136936798,CCN(CC)C(C)C(=O)C1=CC=CC=C1
474499178,C1CCN(C1)CC2=CC(=CN=C2)C3CCC4C(C3)C(NN4)C(=O)NCC5CCOCC5
471695854,CCN(CCN1CCC(CC1)C2=NOC3=C2C=CC(=C3)F)C(=O)C4CN(CCC4O)C(=O)C
144204475,CCN(CC)CCOC1=CC=C(C=C1)CC2=CC=CC=C2
438643938,CC1=CC=C(C=C1)COC(=O)N2CCC(C(C2)(F)F)CNC3=NC=C4C=NNC4=N3
103495688,CSC1=NC(=C2CNC(=O)N(C2=N1)C3=C(C=CC=C3Cl)Cl)C4=CC=CC=C4Cl
144207455,C1=CC(=CC=C1C(Cl)(Cl)Cl)C(Cl)(Cl)Cl
144209850,CCCCCCCCCCCCCCCCCCN1C=C[N+](=C1)C
103496024,C1COCCN1NC2=NC(=C3CNC(=O)N(C3=N2)C4=C(C=CC=C4Cl)Cl)C5=CC=CC=C5Cl
144210772,CC1=C(C=CC(=C1)OC2=C(C=C(C=C2)S(=O)(=O)N)CN(C)C)SC
194945157,CC1=CC2=C(C=C1C)N(C=N2)CC3=CC=C(C=C3)Cl
50105956,C=CCN1CCC2=C(C(=C(C=C2C(C1)C3=CC=CC=C3)O)O)Br
144206042,CNC(=O)C1=NC=CC(=C1)OC2=CC=C(C=C2)NC(=O)NC3=CC(=C(C=C3)Cl)C(F)(F)F
144206248,C1C2CC3CC(CC1N3CC2=O)OC(=O)C4=CNC5=CC=CC=C54
144203606,C1CN(CCC12NC(=O)CS2)CCCN3C4=CC=CC=C4SC5=C3C=C(C=C5)Cl
50106459,C1CC2=C3C(=CC=C2)N(S(=O)(=O)N3C1)CCN4CCC(=CC4)C5=CNC6=C5C=CC(=C6)F
123087795,CN(C)CCOC1=CC=C(C=C1)CNC(=O)C2=CC(=C(C(=C2)OC)OC)OC
485207698,CN1CCN(CC1=O)C2=CN3C(=C(C=N3)C#N)C(=C2)C4=CN=C(C=C4)N5CC6CC(C5)N6CC7=CN=C(C=C7)OC
103495720,C1C2=C(N=C(N=C2N(C(=O)N1)C3=C(C=CC=C3Cl)Cl)N)C4=CC=CC=C4Cl
484206267,C1CN(CC(C1CNC2=NC=CC=N2)(F)F)C(=O)OCC3=CC=C(C=C3)C(F)F
103169732,CCN(CC)CCCC(C)NC1=C2C=CC(=CC2=NC=C1)Cl
103566848,CCN(CCCC(C)NC1=C2C=CC(=CC2=NC=C1)Cl)CCO
318386449,CC1=CN(C=N1)C2=C(C(=C(C=C2)C3=CN(N=N3)C4CCC5=C(C=CC=C5F)N(C4=O)CC(F)(F)F)OC)F
160687232,COC1=CC(=CC(=C1OC)C(=O)NCC2CCCN2CC=C)S(=O)(=O)N
441292486,C1CN(CCN1)C2=NC3=C(C=C2)C=C(C=C3)C(=O)NC4=C(C=CC(=C4)C5=CC=CO5)N
103189227,C1CCNC(C1)CNC(=O)C2=C(C=CC(=C2)OCC(F)(F)F)OCC(F)(F)F
144210525,COC1=C(C=C(C=C1)OC(F)(F)F)CNC2CCCNC2C3=CC=CC=C3
144210441,CC(C)(C)C1=CC(=C(C(=C1)C(C)(C)C)O)C(C)(C)C
482067055,CC1=CC2=C(C=C1)N=C(C=C2NC3=CC=CC=C3F)C(=O)NCC(CO)F
50106163,C=CCN1CCC2=C(C(=C(C=C2C(C1)C3=CC=CC=C3)O)O)Cl
144203600,CCC1=CC2=C(C=C1)SC3=CC=CC=C3N2CC(C)CN(C)C
144204047,CCN(CC)C(C)CN1C2=CC=CC=C2SC3=CC=CC=C31
441576265,CC1=NC(=CC=C1)C2=CCN(CC2)CCNC(=O)C3CCC(CC3)(F)F
103178920,CN(C)CCCN1C2=CC=CC=C2SC3=CC=CC=C31
103358748,CCCCN(CCCC)CCCOC(=O)C1=CC=C(C=C1)N
144204938,CN(CC1=C(C(=CC(=C1)Br)Br)N)C2CCCCC2
103214033,COCCCCC(=NOCCN)C1=CC=C(C=C1)C(F)(F)F
160676622,COC1=CC2=C(C=CN=C2C=C1OC)OC3=CC=C(C=C3)NC(=O)C4(CC4)C(=O)NC5=CC=C(C=C5)F
144205532,CCN(CC)CCOC(=O)C(C)(C1=CC=CC=C1)C2=CC=CC=C2
103188531,CCN(CC)CCNC1=C2C(=C(C=C1)CO)SC3=CC=CC=C3C2=O
103498411,CC(C)CC(C1(CCC1)C2=CC=C(C=C2)Cl)N(C)C
124960960,CC(CN(C)C)C(C)(CC1=CC=C(C=C1)Cl)O
103287107,CCN(CC)CCNC(=O)C1=C(C=CC(=C1)S(=O)(=O)C)OC
17388662,C1=CC=[N+](C(=C1)[S-])[O-]
441292488,C1CN(CCN1)C2=NC=C(C=C2)C(=O)NC3=C(C=CC(=C3)C4=CC=CS4)N
242634638,CC1=C(C(=NN1C2CCCC2)C)S(=O)(=O)NC(C)CNC3=C4C=NN(C4=CC=C3)C5=CN=C(C=C5)F
144206384,CCC(C(CC(C)NC)(C1=CC=CC=C1)C2=CC=CC=C2)OC(=O)C
144206397,CCC(=O)N(C1CCN(CC1)C(C)CC2=CC=CS2)C3=CC=CC=C3
441292491,C1CN(CCN1)C2=CC3=NC=C(C=C3C=C2)C(=O)NC4=C(C=CC(=C4)C5=COC=C5)N
103495929,CN1C2CCC1CC(C2)NC3=NC(=C4CNC(=O)N(C4=N3)C5=C(C=CC=C5Cl)Cl)C6=CC=CC=C6Cl
50104663,CCCCCCC(C)(C)C1=CC(=C(C=C1)C2CC(CCC2CCCO)O)O
50106577,C1CC(C(NC1)C2=CC=CC=C2)OCC3=CC(=CC(=C3)C(F)(F)F)C(F)(F)F
50105831,C1CCCN(CC1)C2=NC(=C(N=C2Cl)C(=O)N=C(N)N)N
144206362,CC(=O)NC1=CC=C(C=C1)NC(=S)NC(=O)C2=CC=C(C=C2)C(C)(C)C
50106218,C1CNCC(C2=CC(=C(C=C21)O)O)C3=CC=CC=C3
144204110,CC(CN1C2=CC=CC=C2SC3=C1C=C(C=C3)OC)CN(C)C
50106107,C1=CC(=CC(=C1)Cl)N=C(N)N=C(N)N
144204790,CC(C)NC(C)CC1=CC=C(C=C1)I
103448745,CC[N+](CC)(CC)CCOC1=C(C(=CC=C1)OCC[N+](CC)(CC)CC)OCC[N+](CC)(CC)CC
103479687,CC(=O)C1=C(C2=C(C(=C1O)OCC3=CC=C(C=C3)Br)OC=C2)OC
318386448,CC1=CN(C=N1)C2=CC(=C(C=C2)C3=CN(N=N3)C4CCC5=C(C=CC=C5F)N(C4=O)CC(F)(F)F)F
318385064,CC1=CN(C=N1)C2=CC=C(C=C2)C3=CN(N=N3)C4CCC5=C(C=CC=C5F)N(C4=O)CC(F)(F)F
103495689,CS(=O)(=O)C1=NC(=C2CNC(=O)N(C2=N1)C3=C(C=CC=C3Cl)Cl)C4=CC=CC=C4Cl
103506449,CC1=CC(=CC=C1)COC(=O)N2CCC(CC2)CNC3=NC=CC=N3
484206259,CCC1=CC=C(C=C1)COC(=O)N2CCC(C(C2)(F)F)CNC3=NC=CC=N3
144206889,CCN(CC)CCNC(=O)C1=C(C=C(C=C1)Cl)OCC=C
170466149,CCCC(C1=CC=CC=C1)(C2=CC=CC=C2)C(=O)OCCN(CC)CC
144210776,CNC1CCC(C2=C1C=C(C=C2)S(=O)(=O)N)C3=CC(=C(C=C3)Cl)Cl
144211878,CCCCCC(C)OC(=O)COC1=C2C(=C(C=C1)Cl)C=CC=N2
144209846,CCCCCCCCCCCCCCCCN1C=C[N+](=C1)C
103399575,C1=C(C(=CC(=C1Cl)Cl)Cl)OCC#CI
170466297,CN(CCCOC1=C(C=C(C=C1)Cl)Cl)CC#C
471695852,CCN(CCN1CCC(CC1)C2=NOC3=C2C=CC(=C3)F)C(=O)C4(CCCN(C4)C(=O)C)O
144207569,CCC(C)NC1=CC=C(C=C1)NC(C)CC
441576283,CC(C)(C)C(=O)NCCN1CCC(=CC1)C2=NC(=CC=C2)C(F)(F)F
103168211,C1CC(N2C=NC=C2C1)C3=CC=C(C=C3)C#N
381756225,CCCC(CCO)NC1=NC(=NC(=C1CC2=C(C=C(C=C2)CN(CC(=O)O)C(=O)C)OC)C)N
464924990,CC1=CC(=CC(=C1OC(C)(C)C(=O)O)C)C=CC(=O)C2=C(N=C3C=C(C=CC3=C2)OC)Cl
103649360,CC(=O)N1CCC2(C1)CCCN(C2)C3=NC=C(C=C3)C(=O)NC4=C(C=CC(=C4)C5=CC=CS5)N
329969719,CCC(C1=CC(=C(C=C1)C(F)(F)F)Cl)NC(=O)C2=C3COCCN3C(=C2)C(=O)N4CCCC4C
329969725,CCC(C1=CC=CC=C1)NC(=O)C2=CC(=C3N2CCOC3)C(=O)NC(CC)C4=CC=CC=C4
329969726,CCC(C1=CC=CC=C1)NC(=O)C2=C3COCCN3C(=C2)C(=O)NC(CC)C4=CN=C(C=C4)OC
440826352,C1=CC(=NC=C1C(F)(F)F)CNC(=O)NC2=C(C=C(C=C2Cl)C(C(F)(F)F)O)Cl
329969718,CCC(C1=CC(=C(N=C1)OC)Cl)NC(=O)C2=C3COCCN3C(=C2)C(=O)N4CCCC4C
329969723,CCC(C1=CN=C(C=C1)C(F)(F)F)NC(=O)C2=C3COCCN3C(=C2)C(=O)NC(C)C4=CC=C(C=C4)F
440826355,C1=CC(=NC=C1CNC(=O)NC2=C(C=C(C=C2Cl)C(C(F)(F)F)N)Cl)C(F)(F)F
440826346,CC1=CC(=NO1)CNC(=O)NC2=C(C=C(C=C2Cl)C(C)(C(F)(F)F)O)Cl
440826351,C1=C(C=C(C(=C1Cl)NC(=O)NCC2=CN=C(S2)C(F)(F)F)Cl)C(C(F)(F)F)O
329969724,CCC(C1=NC=CC=N1)NC(=O)C2=C3COCCN3C(=C2)C(=O)NC(C)C4=CC=C(C=C4)F
440826349,CC(C1=CC(=C(C(=C1)Cl)NC(=O)NCC2=NC(=NO2)C(F)(F)F)Cl)(C(F)(F)F)O
441576263,CC1=NC(=CC=C1)C2=CCN(CC2)CCNC(=O)C3CC4CCC3O4
441576272,CC1=NC(=CC=C1)C2=CCN(CC2)CCNC(=O)C3CCCCO3
441576267,C1CC(COC1)C(=O)NCCN2CCC(=CC2)C3=NC(=CC=C3)C(F)(F)F
441576281,CC1=NC(=CC=C1)C2=CCN(CC2)CCNC(=O)C3CCOCC3
441576273,C1CC2C(CC1O2)C(=O)NCCN3CCC(CC3)C4=NC(=CC=C4)C(F)(F)F
441576277,C1CC(OC1)C(=O)NCCN2CCC(CC2)C3=NC(=CC=C3)C(F)(F)F
441576246,C1CC(COC1)C(=O)NCCN2CCC(CC2)C3=NC(=CC=C3)C(F)(F)F
471695850,CCN(CCN1CCC(CC1)C2=NOC3=C2C=CC(=C3)F)C(=O)C4(CCNC4)O
50107005,CCCN(CCC)CCC1=C2CC(=O)NC2=CC=C1
350084179,COC1CCC2(CC1)CC3=C(C24C(=O)N(C(=N4)N)CC5CCCO5)C=C(C=C3)C#N
144206329,CCCC(=O)OCC(C(C(CN1C2=C(C=C(C(=C2)C)C)N=C3C1=NC(=O)NC3=O)OC(=O)CCC)OC(=O)CCC)OC(=O)CCC
50104831,C1=CC2=C(C=C1I)C(=CC3=CC(=C(C(=C3)Br)O)Br)C(=O)N2
103495560,C1CN(CC2=C1NN=C2)C3=NC(=C4CNC(=O)N(C4=N3)C5=C(C=CC=C5Cl)Cl)C6=CC=CC=C6Cl
341094607,C1CS(=O)(=O)CCC1CNC2=NN3C(=NC=C3C4=CC(=CC=C4)OC(F)(F)F)C=C2
441576270,CC(C)(COC)C(=O)NCCN1CCC(=CC1)C2=NC(=CC=C2)C(F)(F)F
441576282,CC1=NC(=CC=C1)C2=CCN(CC2)CCNC(=O)C(C)(C)C
441576260,CC1=NC(=CC=C1)C2CCN(CC2)CCNC(=O)C(C)(C)C
50106238,CN1CCC2=CC(=C(C=C2C(C1)C3=CC=CC=C3)O)Cl
381756222,CCCC(CCO)NC1=NC(=NC(=C1CC2=C(C=C(C=C2)CN(CC(=O)O)CC(F)(F)F)OC)C)N
381756220,CCCCNC1=NC(=NC(=C1CC2=C(C=C(C=C2)CN(CC)CC(=O)O)OC)C)N
464924991,CC1=CC(=CC(=C1OC(C)(C)C(=O)O)C)C=CC(=O)C2=C(N=C3C=C(C=CC3=C2)OC)OC
464924993,CC1=CC(=CC(=C1OC(C)(C)C(=O)O)C)C=CC(=O)C2=C(N=C3C=CC(=CC3=C2)OC)OC
464924863,CC1=CC(=CC(=C1OC(C)(C)C(=O)O)C)C=CC(=O)C2=CC3=CC=CC=C3N=C2
464924979,CC1=CC(=CC(=C1OC(C)(C)C(=O)O)C)C=CC(=O)C2=CC3=CC=CC=C3N=C2C(F)(F)F
464924904,CC1=CC(=CC(=C1OC(C)(C)C(=O)O)C)C=CC(=O)C2=CC3=CC=CC=C3N=C2Cl
464924981,CC1=CC(=CC(=C1OC(C)(C)C(=O)O)C)C=CC(=O)C2=CC3=CC=CC=C3N=C2N(C)C
464924940,CC1=CC(=CC(=C1OC(C)(C)C(=O)O)C)C=CC(=O)C2=CC3=CC=CC=C3N=C2OC
464924941,CC1=CC(=CC(=C1OC(C)(C)C(=O)O)C)C=CC(=O)C2=CC3=CC=CC=C3N=C2OCCOC
464924989,CC1=CC(=CC(=C1OC(C)(C)C(=O)O)C)C=CC(=O)C2=CC3=CC=CC=C3N=C2SC
103649011,C1CNCC12CCN(CC2)C3=NC=C(C=C3)C(=O)NC4=C(C=CC(=C4)C5=CC=CS5)N
485658875,CC1(CC2=C(O1)C=CC(=C2)CNC(=O)N(CC3=NC=C(C=C3)F)C4CCNCC4)C
329969720,CCC(C1=CC(=C(C=C1)C#N)Cl)NC(=O)C2=C3COCCN3C(=C2)C(=O)N4CCCC4C
329969794,CCC(C1=CC(=C(C=C1)Cl)Cl)NC(=O)C2=C3COCCN3C(=C2)C(=O)N4CCCC4C
329969717,CCC(C1=CC=CC=C1)NC(=O)C2=C3COCCN3C(=C2)C(=O)N4CCCC4C
485658867,CN1CCC(CC1)N(CC2=NC=C(C=C2)F)C(=O)NCC3=CC=C(C=C3)O
50104625,CCN1CCCC1CNC(=O)C2=C(C=CC(=C2)S(=O)(=O)N)OC
329969721,CCC(C1=CN=C(C=C1)C(F)(F)F)NC(=O)C2=C3COCCN3C(=C2)C(=O)N4CCCC4C
329969732,CCC(C1=CN=C(C=C1)C(F)(F)F)NC(=O)C2=C3COCCN3C(=C2)C(=O)N4CCCC4C(F)(F)F
441576266,CC1=NC(=CC=C1)C2CCN(CC2)CCNC(=O)C3CCCOC3
441576280,C1CN(CCC1C2=NC(=CC=C2)OC(F)(F)F)CCNC(=O)C3CCOCC3
441576290,CN(C)C1=CC=CC(=N1)C2CCN(CC2)CCNC(=O)C3CCOCC3
441576285,COC1=CC=CC(=N1)C2CCN(CC2)CCNC(=O)C3CCOCC3
471695849,CCN(CCN1CCC(CC1)C2=NOC3=C2C=CC(=C3)F)C(=O)C4(CCCNC4)O
471695856,CCN(CCN1CCC(CC1)C2=NOC3=C2C=CC(=C3)F)C(=O)C4CN(CCC4O)C
471695847,CCN(CCN1CCC(CC1)C2=NOC3=C2C=CC(=C3)F)C(=O)C4CNCCC4O
471695846,CCN(CCN1CCC(CC1)C2=NOC3=C2C=CC(=C3)F)C(=O)C4CNCC4O
103495559,CC(C)(C)CNC1=NC(=C2CNC(=O)N(C2=N1)C3=C(C=CC=C3Cl)Cl)C4=CC=CC=C4Cl
103495628,CN(C)CCOC1=NC(=C2CNC(=O)N(C2=N1)C3=C(C=CC=C3Cl)Cl)C4=CC=CC=C4Cl
144212450,CCCCCCCCCC1=CC=C(C=C1)OCCOCCO
170466614,CC[N+](CC)(CC)CCOC1=CC=C(C=C1)C=CC2=CC=CC=C2
485658885,CN1CCC(CC1)N(CC2=NC=C(C=C2)F)C(=O)NCC3=CC4=C(C=C3)OCC4
485227802,CC1=C(C=CC(=C1)F)OC2=C(C=C(C=C2)C(F)(F)F)C(=O)NC3=CC(=C(C=C3)F)C(C(=O)N)N
471695792,CCN(CCN1CCC(CC1)C2=NOC3=C2C=CC(=C3)F)C(=O)C4(CCOCC4)O
170465936,CCN(CC)CCNC(C1=CC=CC=C1)C(=O)OCCC(C)C
170465535,CC(C(C1=CC=CC=C1)O)N(C)CC=CC2=CC=CC=C2
170466638,CC1=C(N(C2=C1C=C(C=C2)C(=O)OCCN(C)C)CC3=CC=CC=C3)C
170466726,C1CN(CCN1CCCCl)C2=CC(=CC=C2)Cl
381621272,CC(C)(C)C1=CC(=C(C(=C1)N(CCO)S(=O)(=O)C)OC)NC(=O)NC2=CC=C(C3=CC=CC=C32)OC4=CC(=NC=C4)NC5=CC(=C(C=C5)C(=O)NCCN6CCS(=O)CC6)OC
381621263,CC(C)(C)C1=CC(=C(C(=C1)NS(=O)(=O)C)OC)NC(=O)NC2=CC=C(C3=CC=CC=C32)OC4=CC(=NC=C4)NC5=CC(=C(C(=C5)OC)C(=O)NCCOCCOCCO)OC
442142295,C1CC(OC1)CNC(=O)C2=NNC3=C2C=C(C=C3)C4=C(C(=CC=C4)F)F
381621266,CC(C)(C)C1=CC(=C(C(=C1)NC(=O)NC2=CC=C(C3=CC=CC=C32)OC4=CC(=NC=C4)NC5=CC(=C(C=C5)C(=O)NCCN6CCS(=O)CC6)OC)OC)NC(=O)CO
381621271,CC(C)(C)C1=CC(=C(C(=C1)NS(=O)(=O)C)OC)NC(=O)NC2=CC=C(C3=CC=CC=C32)OC4=CC(=NC=C4)NC5=CC(=C(C(=C5)OC)C(=O)NCCOCCOCCOP(=O)(O)O)OC
381621268,CC(C)(C)C1=CC(=C(C(=C1)NS(=O)(=O)C)OC)NC(=O)NC2=CC=C(C3=CC=CC=C32)OC4=CC(=NC=C4)NC5=CC(=C(C=C5)P(=O)(C)O)OC
381621273,CCOP(=O)(C)C1=C(C=C(C=C1)NC2=NC=CC(=C2)OC3=CC=C(C4=CC=CC=C43)NC(=O)NC5=C(C(=CC(=C5)C(C)(C)C)NS(=O)(=O)C)OC)OC
144208040,CCCCCCCCN1C=C[N+](=C1)C
50105739,C1CSC2=NC(CN21)C3=CC=C(C=C3)Br
50106757,CC1=CC(=C(C(=C1CC2=NCCN2)C)O)C(C)(C)C
50105806,C1=CC2=C(C=CC=C2Cl)C(=C1)S(=O)(=O)NCCCCCCN
50106450,C1CNCCN(C1)S(=O)(=O)C2=CC=CC3=C2C=CC=C3I
50106351,C1CNCC(C2=CC(=C(C(=C21)Cl)O)O)C3=CC=C(C=C3)O
144206322,CC(CN1C2=CC=CC=C2SC3=C1C=C(C=C3)C(F)(F)F)CN(C)C
50106927,CC(C)NCC(COC1=CC=CC2=CC=CC=C21)O
50105892,CC(C)NCC(COC1=CC=CC=C1CC=C)O
50105740,CCN(CC)CCCCCCCCOC(=O)C1=CC(=C(C(=C1)OC)OC)OC
404857363,CC1=CC=C(C=C1)COC(=O)N2CCC(C(C2)(F)F)CNC3=NC=CC=N3
144206004,CCCSSC(=C(C)N(CC1=CN=C(N=C1N)C)C=O)CCO
441292497,CC1=C(SC(=N1)N2CCNCC2)C(=O)NC3=C(C=CC(=C3)C4=CC=CS4)N
441292498,C1CN(CCN1)C2=NC=C(S2)C(=O)NC3=C(C=CC(=C3)C4=CC=NC=C4)N
103261258,CC(C)(C)C1=CC=C(C=C1)CN(C)CC2=CC=CC3=CC=CC=C32
144212726,CCCCCCCCN1C(=O)C(=C(S1)Cl)Cl
144204789,CNC1CC(C2=CC=CC=C12)C3=CC(=C(C=C3)Cl)Cl
50106075,CCN(CC)CCOCCOC(=O)C1(CCCC1)C2=CC=CC=C2
144205813,CCN(CC)CCC1=C(C2=C(C(=C(C=C2)OCC(=O)OCC)Cl)OC1=O)C
26753532,C1=CC=C(C=C1)NC2=C(C=C3C(=C2)C(=O)NC3=O)NC4=CC=CC=C4
144206290,CN1CCCC1CC2=CNC3=C2C=C(C=C3)CCS(=O)(=O)C4=CC=CC=C4
50107025,CN1CCC2=C(C(=C(C=C2C(C1)C3=CC(=CC=C3)Cl)O)O)Cl
144205144,CC(C)(C)C#CC=CCN(C)CC1=CC=CC2=CC=CC=C21
441576261,C1CN(CCC1C2=NC(=CC=C2)C(F)(F)F)CCNC(=O)C3CCOCC3
441576256,CC(C)(COC)C(=O)NCCN1CCC(CC1)C2=NC(=CC=C2)C(F)(F)F
144208156,CC1=CC(=CC=C1)OC2=CC=CC=C2
170466292,CCN(CC)CCNC(=O)COC1=CC=C(C=C1)Cl
144210908,CCCCCCCCCCCCCN1CC(OC(C1)C)C
144205242,CCOC1=CC=C(C=C1)NC(=C)NC2=CC=C(C=C2)OCC
144204488,CC(C)NCC(COC1=CC=CC=C1N2C=CC=C2)O
26751617,C1CN(CC2=C1SC=C2)CC3=CC=CC=C3Cl
144204783,CCOC(=O)NC1=C(N=C(C=C1)NCC2=CC=C(C=C2)F)N
144205401,CCN(CC)CCC(=O)N1C2=CC=CC=C2SC3=C1C=C(C=C3)Cl
144205972,CCC(CC)(C1=CC=CC=C1)C(=O)OCCOCCN(CC)CC
103189029,CC(CN1C2=CC=CC=C2SC3=CC=CC=C31)N(C)C
170466035,CCCCCOC1=CC=CC=C1C(=CSC)N2C=CN=C2
170465601,CC(CC1=CC=CC=C1)NCCCCl
103173542,CN(C)CCN(CC1=CC=C(C=C1)OC)C2=CC=CC=N2
144208600,C1CC(C(CCC(C(CCC(C1Br)Br)Br)Br)Br)Br
144207298,C1=CC=C(C=C1)CCN=C=S
144210178,CC(C)(C)C1=CC=C(C=C1)OP(=O)(OC2=CC=CC=C2)OC3=CC=CC=C3
485227808,CC1=C(C=CC(=C1)F)OC2=CC(=C(C=C2C(=O)NC3=CC(=NN=C3)OCC(CO)O)Cl)C(F)(F)F
50105583,C1=CC=C(C(=C1)C(C2=CC=C(C=C2)Cl)C(Cl)Cl)Cl
144205218,CCN(CC)CCOC(=O)C(C1=CC=CC=C1)(C2=CC=CC=C2)O
50106984,CCN1CCCC1CNC(=O)C2=C(C(=CC(=C2OC)Cl)Cl)O
474499180,C1CCN(C1)CC2=C(C=NC=C2)C3CCC4C(C3)C(NN4)C(=O)NCC5CCOCC5
144208664,CCCN(CCOC1=C(C=C(C=C1Cl)Cl)Cl)C(=O)N2C=CN=C2
17388924,COC1=CC=C(C=C1)C(C2=CC=C(C=C2)OC)C(Cl)(Cl)Cl
144208790,C1(=O)C2(C3(C4(C1(C5(C2(C3(C(C45Cl)(Cl)Cl)Cl)Cl)Cl)Cl)Cl)Cl)Cl
170465003,CCOC(=O)C(CCC1=CC=CC=C1)NC2CCC3=CC=CC=C3N(C2=O)CC(=O)O
144211099,C1C2C(COS(=O)(=O)O1)C3(C(=C(C2(C3(Cl)Cl)Cl)Cl)Cl)Cl
144211933,COC(=O)C1=C(C=CC(=C1)OC2=C(C=C(C=C2)Cl)Cl)[N+](=O)[O-]
144205246,CN1C2CCC1C(C(C2)OC(=O)C3=CC=CC=C3)C(=O)OC
50106787,CCN(CC)CC#CCOC(=O)C(C1CCCCC1)(C2=CC=CC=C2)O
144204876,CC1=CC=CC=C1C(C2=CC=CC=C2)OCCN(C)C
144213669,CS(=O)(=O)C1=C(C=C(C=C1)C(CC2CCCC2)C(=O)NC3=NC=CN=C3)Cl
144212073,C1C2=CC=CC=C2N(C1=O)C3=C(C=CC=C3Cl)Cl
144210531,CCCCN1C(=O)C(NC(=O)C12CCN(CC2)CC3=CC=C(C=C3)OC4=CC=C(C=C4)C(=O)O)C(C5CCCCC5)O
144210596,C1=CC(=CC=C1[N+](=O)[O-])OC2=C(C=C(C=C2)Cl)Cl
144210762,CNCC1=C(C=CC(=C1)F)OC2=CC(=C(C=C2)Cl)Cl
144211277,CN(C)S(=O)(=O)N(C1=CC=CC=C1)SC(F)(Cl)Cl
50105976,CC(COC1=CC=CC=C1)N(CCCl)CC2=CC=CC=C2
144209962,CC(C)C1=CC=C(C=C1)OP(=O)(OC2=CC=C(C=C2)C(C)C)OC3=CC=C(C=C3)C(C)C
144210387,C1=CC(=CC=C1C(C2=CC=C(C=C2)Cl)C(Cl)(Cl)Cl)Cl
17389693,CC1=CC=C(C=C1)OP(=O)(OC2=CC=C(C=C2)C)OC3=CC=C(C=C3)C
485656278,C1CN(CCC21Cc1ccccc1C2N)c1ncc(nc1CO)C#CCNc1ccc(cc1)C(=O)N
485656310,C1CN(CCC21Cc1ccccc1C2N)c1ncc(nc1CO)C#CCNc1ccccc1
485656414,CN(CC#Cc1cnc(c(n1)CO)N1CCC2(CC1)Cc1ccccc1C2N)c1ccc(cc1)S(=O)(=O)N
485656424,CC(=O)Nc1cc(ccc1)OCC#Cc1cnc(c(n1)C(=O)N)N1CCC2(CC1)Cc1ccccc1C2N
485656323,CC(c1ccc(cc1)OCC#Cc1cnc(c(n1)CO)N1CCC2(CC1)Cc1ccccc1C2N)O
485656296,CP(=O)(C)c1ccc(cc1)OCC#Cc1cnc(c(n1)CO)N1CCC2(CC1)Cc1ccccc1C2N
252159461,CC1(C2(COC2)C2(COC(=N2)N)c2c(O1)ccc(c2)NC(=O)c1ncc(cc1)Cl)C
252159466,CC1(C2(CC2)C2(COC(=N2)N)c2c(O1)ccc(c2)NC(=O)c1cnc(cn1)OC)C
17389180,CN(C)CCC=C1c2ccccc2CCc2ccccc12
144211355,CCc1nn(c(c1Cl)C(=O)NCc1ccc(cc1)C(C)(C)C)C
251919753,c1ccc2C(=O)C=CC(=O)c2c1
144213348,c1ccc2c(c1)C(=O)C(=C(C2=O)Cl)Cl
144208657,CCCCCCCCn1c(=O)ccs1
144208903,CC1(C(=O)N2C(C(=O)N3CCCC3C2(O1)O)Cc1ccccc1)NC(=O)C1CN(C2Cc3c[nH]c4cccc(c34)C2=C1)C
442142293,C1CC(COC1)CNC(=O)c1n[nH]c2c1cc(cc2)c1c(c(ccc1)F)F
144209492,CCOP(=S)(OCC)SCn1c2c(cc(cc2)Cl)oc1=O
144207521,Cn1c2c(c(=O)n(c1=O)C)[nH]c(n2)Cl
144211311,CCOC(=O)C(Cc1cc(c(cc1Cl)F)n1c(=O)n(c(n1)C)C(F)F)Cl
144203597,Cc1cc(c(n1c1cccc(c1)C(=O)O)C)C(=O)O
485656301,C1CN(CCC21Cc1ccccc1C2N)c1ncc(nc1CO)C#CCOc1cccc(c1)CC(=O)N
459091544,CCS(=O)(=O)N1CC(C1)(CC#N)n1cc(cc1C#N)c1c2cc[nH]c2ncn1
459091546,Cc1nn(cc1c1c2cc[nH]c2ncn1)C1(CN(C1)S(=O)(=O)C(C)C)CC#N
459091538,CCS(=O)(=O)N1CC(C1)(C(C)C#N)n1cc(cn1)c1c2cc[nH]c2ncn1
496172885,C1CC1NC(=O)Nc1cc(c(c(c1Cl)F)Oc1c2cc(c(cc2ncc1)OCCO)C(=O)N)F
313634258,C1CN(CCN1)c1nc2c(cc1)cc(cc2)C(=O)Nc1ccccc1N
434148615,C1COC(CN1)c1ccc(cc1)NC(=O)c1cnc(cc1)C#N
441576251,Cc1nc(ccc1)C1CCN(CC1)CCNC(=O)C1CC2CCC1O2
144212381,c1cc(ccc1Cc1ccc(cc1)N1C(=O)C=CC1=O)N1C(=O)C=CC1=O
346544782,C1COC(CN1)c1ccc(cc1)NC(=O)c1cnc(cc1)Cl
144213338,C1(=C(C(=O)C(=C(C1=O)Cl)Cl)Cl)Cl
441292494,CN1CCN(CC1)c1cnc(cc1)C(=O)Nc1c(ccc(c1)c1ccncc1)N
474499182,CN(C)Cc1c(cncc1)C1CCC2C(C1)C(NN2)C(=O)NCC1CCOCC1
442142306,C1COCCC1CNC(=O)c1n[nH]c2c1cc(cc2)c1c(ccnc1)CO
406799297,Cc1c(ccc2c1COC2=O)C(CN1CCC(CC1)NC(=O)c1ncc(c(c1)OC)C#N)O
474499177,CN(C)Cc1cc(cnc1)C1CCC2C(C1)C(NN2)C(=O)NCC1CCOCC1
441576258,Cc1nc(ccc1)C1CCN(CC1)CCNC(=O)C1CCOCC1
474499181,C1CC2C(CC1c1c(ccnc1)CN1CCOCC1)C(NN2)C(=O)NCC1CCOCC1
442142305,COCc1c(cncc1)c1cc2c(cc1)[nH]nc2C(=O)NCC1CCOCC1
144210970,CCOC(=O)c1nn(c(n1)C(Cl)(Cl)Cl)c1c(cc(cc1)Cl)Cl
144214046,CC(C)Oc1cccc(c1)NC(=O)c1ccccc1C(F)(F)F
144210807,c1ccc2c(c1)c(=O)[nH]s2
144210989,c1ccc(cc1)N1C(=O)C=CC1=O
144213717,c1(c(ssc1=O)Cl)Cl
442142301,C1COCCC1CNC(=O)c1n[nH]c2c1cc(cc2)c1cnccc1
434148624,Cc1nc(cs1)C(=O)Nc1ccc(cc1)C1CNCCO1
482092735,C1CN(CCC1N1CC(OCC1Cc1ccc(cc1)Cl)C(=O)N1CCC(CC1)(F)F)c1n[nH]c(n1)N
434148618,C1COC(CN1)c1ccc(cc1)NC(=O)c1cc(cnc1)Cl
441292496,CN1CCN(CC1)c1ncc(s1)C(=O)Nc1c(ccc(c1)c1cccs1)N
346544860,Cc1cc(cc(n1)Cl)C(=O)Nc1ccc(cc1)C1CNCCO1
434148513,C1COC(CN1)c1ccc(cc1)NC(=O)c1cc(ncc1)Cl
474499185,C1CC2C(CC1c1c(ccnc1)CN1CCNCC1)C(NN2)C(=O)NCC1CCOCC1
482092744,C1CN(CCC1N1CC(OCC1Cc1ccc(cc1)Cl)C(=O)N1CC(C1)F)c1n[nH]c(n1)N
482092743,CC1CN(C1)C(=O)C1CN(C(CO1)Cc1ccc(cc1)Cl)C1CCN(CC1)c1n[nH]c(n1)N
482092742,C1CCN(C1)C(=O)C1CN(C(CO1)Cc1ccc(cc1)Cl)C1CCN(CC1)c1n[nH]c(n1)N
482092736,C1CN(CCC1N1CC(OCC1Cc1ccc(cc1)Cl)C(=O)N1CCC(C1)(F)F)c1n[nH]c(n1)N
482092745,C1CN(CCC1N1CC(OCC1Cc1ccc(cc1)Cl)C(=O)N1CCOCC1)c1n[nH]c(n1)N
482092706,C1CC1NC(=O)C1CN(C(CO1)Cc1ccc(cc1)Cl)C1CCN(CC1)c1n[nH]c(n1)N
482092705,CC1(CC1NC(=O)C1CN(C(CO1)Cc1ccc(cc1)Cl)C1CCN(CC1)c1n[nH]c(n1)N)C
441292493,CN1CCN(CC1)c1ncc(cc1)C(=O)Nc1c(ccc(c1)c1ccncc1)N
441292492,C1CN(CCN1)c1cc2ncc(cc2cc1)C(=O)Nc1c(ccc(c1)c1ccncc1)N
474499165,C1CS(=O)(=O)CC1NC(=O)c1n[nH]c2c1cc(cc2)c1cncc(c1)CO
474499175,C1CCOC(C1)CNC(=O)c1n[nH]c2c1cc(cc2)c1c(c(ccc1)F)F
474499189,CNCc1cc(cnc1)C1CCC2C(C1)C(NN2)C(=O)NCC1CCOCC1
474499164,COCc1cc(cnc1)c1cc2c(cc1)[nH]nc2C(=O)NCC1CCS(=O)(=O)C1
482092689,C1CC(=O)N(C1)CC1CN(C(CO1)Cc1ccc(cc1)Cl)C1CCN(CC1)c1n[nH]c(n1)N
434148494,CCC1C(C(NN1)C(=O)Nc1ccc(cc1)C1CNCCO1)C
434148622,Cc1nccc(c1)C(=O)Nc1ccc(cc1)C1CNCCO1
434148623,Cc1cc(cc(n1)C)C(=O)Nc1ccc(cc1)C1CNCCO1
